"0","knitr::opts_chunk$set(warning = FALSE, message = FALSE) "
"2","Warning messages:
"
"2","1: "
"2","In readChar(file, size, TRUE) :"
"2"," truncating string with embedded nuls
"
"2","2: "
"2","In readChar(file, size, TRUE) :"
"2"," truncating string with embedded nuls
"
"2","3: "
"2","In readChar(file, size, TRUE) :"
"2"," truncating string with embedded nuls
"
"2","4: "
"2","In readChar(file, size, TRUE) :"
"2"," truncating string with embedded nuls
"
"2","5: "
"2","In readChar(file, size, TRUE) :"
"2"," truncating string with embedded nuls
"
"2","6: "
"2","In readChar(file, size, TRUE) :"
"2"," truncating string with embedded nuls
"
"2","7: "
"2","In readChar(file, size, TRUE) :"
"2"," truncating string with embedded nuls
"
"2","8: "
"2","In readChar(file, size, TRUE) :"
"2"," truncating string with embedded nuls
"
"2","9: "
"2","In readChar(file, size, TRUE) :"
"2"," truncating string with embedded nuls
"
